account_id,churn_probability,total_spend,risk_score
A35501,0.32666666666666666,18061.03,5899.936466666666
A07600,0.8533333333333334,5657.94,4828.1088
A37550,0.9333333333333333,5091.31,4751.8893333333335
A20540,0.9066666666666666,5131.8,4652.832
A13348,0.8866666666666667,4700.47,4167.750066666667
A22775,0.98,4177.3099999999995,4093.7637999999993
A50050,0.7933333333333333,4815.0,3819.9
A24020,0.62,6077.03,3767.7585999999997
A96211,0.9533333333333334,3838.1499999999996,3659.036333333333
A22290,0.7866666666666666,4421.81,3478.4905333333336
A78850,0.5533333333333333,6232.81,3448.8215333333337
A88058,0.5866666666666667,5855.71,3435.349866666667
A09750,0.9733333333333334,3392.55,3302.0820000000003
A22410,0.9733333333333334,3359.2400000000002,3269.660266666667
A78360,0.6333333333333333,4970.79,3148.167
A28800,0.98,3112.5499999999997,3050.2989999999995
A14300,0.9466666666666667,3207.37,3036.3102666666664
A20031,0.9666666666666667,3107.27,3003.6943333333334
A23560,0.94,3136.9900000000002,2948.7706
A89190,0.49333333333333335,5965.23,2942.8468
A87050,0.5266666666666666,5415.72,2852.2792
A13820,0.5533333333333333,5119.76,2832.9338666666667
A89600,0.5866666666666667,4721.0,2769.653333333333
A20530,0.9666666666666667,2768.89,2676.5936666666666
A28860,0.9666666666666667,2753.75,2661.9583333333335
A82810,0.7066666666666667,3695.79,2611.6916
A39480,0.94,2773.07,2606.6858
A78580,0.7266666666666667,3495.55,2540.099666666667
A22783,0.88,2878.34,2532.9392000000003
A91170,0.44,5693.56,2505.1664
A88701,0.4066666666666667,6107.25,2483.6150000000002
A36570,0.6133333333333333,3996.94,2451.456533333333
A35588,0.4533333333333333,5391.7300000000005,2444.2509333333333
A22041,0.9866666666666667,2468.08,2435.1722666666665
A14021,0.98,2470.32,2420.9136000000003
A05016,0.9933333333333333,2430.83,2414.6244666666666
A09195,0.62,3887.5,2410.25
A29166,0.9933333333333333,2396.46,2380.4836
A80540,0.62,3792.2699999999995,2351.2074
A13520,0.6133333333333333,3683.54,2259.2378666666664
A96400,0.3466666666666667,6512.34,2257.6112000000003
A81870,0.6333333333333333,3548.86,2247.6113333333333
A28030,1.0,2228.55,2228.55
A22020,1.0,2154.2400000000002,2154.2400000000002
A77015,0.6933333333333334,3105.9900000000002,2153.4864000000002
A28613,0.6666666666666666,3214.06,2142.7066666666665
A85903,0.9666666666666667,2212.9700000000003,2139.2043333333336
A15900,0.5866666666666667,3644.37,2138.0304
A22730,0.4,5331.2699999999995,2132.508
A95900,0.48,4439.66,2131.0368
